Source,Target,Type
Smart_lock,Lock_(security_device),Directed
Smart_lock,Smartphone,Directed
Smart_lock,Keycard_lock,Directed
Smart_lock,Wi-Fi,Directed
Smart_lock,Smart_doorbell,Directed
Smart_lock,Transport_Layer_Security,Directed
Identity_theft,Fingerprint,Directed
Identity_theft,Password,Directed
DEF_CON,Wi-Fi,Directed
DEF_CON,Cybersecurity_and_Infrastructure_Security_Agency,Directed
ASIS_International,Physical_security,Directed
Personnel,Company,Directed
GitHub,Access_control,Directed
Ant_colony,Australia,Directed
Fire_protection,Fire,Directed
Fire_protection,System,Directed
Fire_protection,Building,Directed
Herd_mentality,Collective_intelligence,Directed
Risk_factor_(computing),Vulnerability_(computing),Directed
Payment,Service_(economics),Directed
Payment,Money,Directed
Liability_(financial_accounting),Asset,Directed
Liability_(financial_accounting),Bank,Directed
Mechanics,Ancient_Greek_language,Directed
Mechanics,Machine,Directed
Systems_thinking,Collective_intelligence,Directed
Systems_thinking,Collective_action,Directed
Systems_thinking,Self-organized_criticality,Directed
Systems_thinking,Herd_mentality,Directed
Systems_thinking,Phase_transition,Directed
Systems_thinking,Agent-based_model,Directed
Systems_thinking,Synchronization,Directed
Systems_thinking,Ant_colony_optimization_algorithms,Directed
Systems_thinking,Particle_swarm_optimization,Directed
Systems_thinking,Swarm_behaviour,Directed
Systems_thinking,Social_network_analysis,Directed
Systems_thinking,Small-world_network,Directed
Systems_thinking,Centrality,Directed
Systems_thinking,Network_motif,Directed
Systems_thinking,Graph_theory,Directed
Systems_thinking,Scalability,Directed
Systems_thinking,Systems_biology,Directed
Systems_thinking,Dynamic_network_analysis,Directed
Systems_thinking,Evolutionary_computation,Directed
Systems_thinking,Genetic_algorithm,Directed
Attack_(computing),CIA_triad,Directed
Attack_(computing),Software_bug,Directed
Attack_(computing),Hacktivist,Directed
Attack_(computing),Malware,Directed
Attack_(computing),Identity_theft,Directed
Attack_(computing),Cyberwarfare,Directed
Attack_(computing),Ransomware,Directed
Attack_(computing),Software_bugs,Directed
Attack_(computing),Hardware_bug,Directed
Attack_(computing),Vulnerability_(computing),Directed
Attack_(computing),Software_patch,Directed
Attack_(computing),Zero-day_(computing),Directed
Attack_(computing),Code_injection,Directed
Attack_(computing),Hardening_(computing),Directed
Attack_(computing),Risk_assessment,Directed
Attack_(computing),Active_defense,Directed
Attack_(computing),Cyber_resilience,Directed
Attack_(computing),Micro-segmentation,Directed
Attack_(computing),Zero_trust,Directed
Attack_(computing),Business_continuity_planning,Directed
Ross_Ashby,Cybernetics,Directed
Ross_Ashby,Norbert_Wiener,Directed
Ross_Ashby,Systems_theory,Directed
Power_delivery,Consumer,Directed
Service_drop,Electric_power_distribution,Directed
Service_drop,Utility_pole,Directed
Perimeter_intrusion_detection,Security_lighting,Directed
Academic_discipline,Systems_theory,Directed
Chemical_substance,Phase_transition,Directed
Base_station,3G,Directed
Base_station,4G,Directed
Base_station,5G,Directed
Closed_system,Isolated_system,Directed
Closed_system,Thermodynamics,Directed
Closed_system,Time,Directed
Razor_wire,Germany,Directed
Wireless,Bluetooth,Directed
Consumer,Service_(economics),Directed
Consumer,Capitalism,Directed
Foreign_direct_investment,World_Bank,Directed
Foreign_direct_investment,Bond_(finance),Directed
Key-agreement_protocol,Key_(cryptography),Directed
Key-agreement_protocol,Confidentiality,Directed
Key-agreement_protocol,Symmetric-key_algorithm,Directed
Key-agreement_protocol,Cryptographic_hash_function,Directed
Key-agreement_protocol,Public-key_cryptography,Directed
Smart_device,Wireless,Directed
Smart_device,Bluetooth,Directed
Smart_device,Zigbee,Directed
Smart_device,Near-field_communication,Directed
Smart_device,Wi-Fi,Directed
Smart_device,NearLink,Directed
Smart_device,Li-Fi,Directed
Smart_device,5G,Directed
Smart_device,Smartphone,Directed
Smart_device,Smart_speaker,Directed
Smart_device,Vehicular_automation,Directed
Smart_device,Smart_card,Directed
Smart_device,Smart_thermostat,Directed
Smart_device,Smart_doorbell,Directed
Smart_device,Smart_lock,Directed
Smart_device,Phablet,Directed
Smart_device,Smartwatch,Directed
Smart_device,Smart_band,Directed
Smart_device,Smart_keychain,Directed
Smart_device,Smart_glasses,Directed
Domain_Name_System_Security_Extensions,Transport_Layer_Security,Directed
Salt_(cryptography),Cryptography,Directed
Salt_(cryptography),Cryptographic_hash_function,Directed
Salt_(cryptography),Password,Directed
Salt_(cryptography),Passphrase,Directed
Salt_(cryptography),Unix,Directed
Structure,System,Directed
Structure,Building,Directed
Structure,Machine,Directed
Structure,Organism,Directed
Structure,Mineral,Directed
Structure,Chemical_substance,Directed
Structure,Musical_form,Directed
Structure,Hierarchy,Directed
Structure,Complex_network,Directed
Structure,Link_(geometry),Directed
Structure,Lattice_(order),Directed
Structure,Aircraft,Directed
Structure,Skeleton,Directed
Structure,Ant_colony,Directed
Structure,Beaver_dam,Directed
Structure,Bridge,Directed
Structure,Salt_dome,Directed
Structure,Structural_load,Directed
Structure,Construction,Directed
Structure,Nonbuilding_structure,Directed
Nonbuilding_structure,Structure,Directed
Nonbuilding_structure,Construction,Directed
Nonbuilding_structure,Building,Directed
Physical_security,Security,Directed
Physical_security,Espionage,Directed
Physical_security,Theft,Directed
Physical_security,Terrorist,Directed
Physical_security,CCTV,Directed
Physical_security,Security_guards,Directed
Physical_security,Protective_barriers,Directed
Physical_security,Lock_(security_device),Directed
Physical_security,Access_control,Directed
Physical_security,Perimeter_intrusion_detection,Directed
Physical_security,Fire_protection,Directed
Physical_security,Aesthetics,Directed
Physical_security,Human_rights,Directed
Physical_security,Prison,Directed
Physical_security,Crime_prevention_through_environmental_design,Directed
Physical_security,Fence,Directed
Physical_security,Security_lighting,Directed
Physical_security,Barbed_wire,Directed
Physical_security,Razor_wire,Directed
Physical_security,Office_building,Directed
Security_token,Password,Directed
Security_token,Passwords,Directed
Security_token,Fingerprint,Directed
Security_token,Near-field_communication,Directed
Security_token,Radio-frequency_identification,Directed
Security_token,Bluetooth,Directed
Smartwatch,Smartphone,Directed
Smartwatch,Bluetooth,Directed
Smartwatch,Wi-Fi,Directed
Theft,Service_(economics),Directed
African_countries,United_Nations,Directed
African_countries,France,Directed
African_countries,Africa,Directed
African_countries,Egypt,Directed
Building,Nonbuilding_structure,Directed
Building,Fence,Directed
Building,Construction,Directed
David_Harvey_(geographer),Academic_discipline,Directed
Pin_tumbler_lock,Lock_(security_device),Directed
Pin_tumbler_lock,Egypt,Directed
Pin_tumbler_lock,Lock_picking,Directed
World-systems_theory,Nation_state,Directed
2G,GSM,Directed
2G,3G,Directed
101st_Airborne_Division,France,Directed
Lock_(security_device),Mechanics,Directed
Lock_(security_device),Keycard_lock,Directed
Lock_(security_device),Fingerprint,Directed
Lock_(security_device),Radio-frequency_identification,Directed
Lock_(security_device),Security_token,Directed
Lock_(security_device),Password,Directed
Lock_(security_device),Bit_(key),Directed
Lock_(security_device),Keyhole,Directed
Lock_(security_device),Brass,Directed
Lock_(security_device),Nickel_silver,Directed
Lock_(security_device),Steel,Directed
Lock_(security_device),Lock_picking,Directed
Lock_(security_device),Nineveh,Directed
Lock_(security_device),Assyria,Directed
Lock_(security_device),Egypt,Directed
Lock_(security_device),Pin_tumbler_lock,Directed
Lock_(security_device),Warded_lock,Directed
Lock_(security_device),Theodorus_of_Samos,Directed
Lock_(security_device),Beguinage,Directed
Lock_(security_device),"Lier,_Belgium",Directed
Keyhole,Mechanics,Directed
Keyhole,Keycard_lock,Directed
Keyhole,Fingerprint,Directed
Keyhole,Radio-frequency_identification,Directed
Keyhole,Security_token,Directed
Keyhole,Password,Directed
Keyhole,Bit_(key),Directed
Keyhole,Keyhole,Directed
Keyhole,Brass,Directed
Keyhole,Nickel_silver,Directed
Keyhole,Steel,Directed
Keyhole,Lock_picking,Directed
Keyhole,Nineveh,Directed
Keyhole,Assyria,Directed
Keyhole,Egypt,Directed
Keyhole,Pin_tumbler_lock,Directed
Keyhole,Warded_lock,Directed
Keyhole,Theodorus_of_Samos,Directed
Keyhole,Beguinage,Directed
Keyhole,"Lier,_Belgium",Directed
Klaus_Schwab,World_Economic_Forum,Directed
Code_injection,Malware,Directed
Code_injection,Operating_system,Directed
Nicolas_L%C3%A9onard_Sadi_Carnot,Rudolf_Clausius,Directed
Nicolas_L%C3%A9onard_Sadi_Carnot,Thermodynamics,Directed
Warded_lock,Lock_(security_device),Directed
Warded_lock,Keyhole,Directed
Warded_lock,Pin_tumbler_lock,Directed
Centrality,Graph_theory,Directed
Centrality,Social_network_analysis,Directed
Knowledge-based_economy,Innovation,Directed
Cellular_networks,Base_station,Directed
Cellular_networks,Smartwatch,Directed
Cellular_networks,5G,Directed
Al-Qalqashandi,Egypt,Directed
Al-Qalqashandi,Polyalphabetic_cipher,Directed
Al-Qalqashandi,Plaintext,Directed
Al-Qalqashandi,Al-Kindi,Directed
December_2015_Ukraine_power_grid_cyberattack,Ukraine,Directed
Systems_theory,Collective_intelligence,Directed
Systems_theory,Collective_action,Directed
Systems_theory,Self-organized_criticality,Directed
Systems_theory,Herd_mentality,Directed
Systems_theory,Phase_transition,Directed
Systems_theory,Agent-based_model,Directed
Systems_theory,Synchronization,Directed
Systems_theory,Ant_colony_optimization_algorithms,Directed
Systems_theory,Particle_swarm_optimization,Directed
Systems_theory,Swarm_behaviour,Directed
Systems_theory,Social_network_analysis,Directed
Systems_theory,Small-world_network,Directed
Systems_theory,Centrality,Directed
Systems_theory,Network_motif,Directed
Systems_theory,Graph_theory,Directed
Systems_theory,Scalability,Directed
Systems_theory,Systems_biology,Directed
Systems_theory,Dynamic_network_analysis,Directed
Systems_theory,Evolutionary_computation,Directed
Systems_theory,Genetic_algorithm,Directed
Hierarchy,Ancient_Greek_language,Directed
Hierarchy,Systems_theory,Directed
Hierarchy,Graph_theory,Directed
War_of_currents,Electric_power_transmission,Directed
War_of_currents,Arc_lamp,Directed
War_of_currents,Incandescent_lamp,Directed
War_of_currents,Thomas_Edison,Directed
War_of_currents,George_Westinghouse,Directed
War_of_currents,Gas_lighting,Directed
Structural_load,Structure,Directed
Structural_load,Aircraft,Directed
Zigbee,Personal_area_network,Directed
Zigbee,Bluetooth,Directed
Zigbee,Wi-Fi,Directed
Zigbee,Li-Fi,Directed
General_systems_theory,Collective_intelligence,Directed
General_systems_theory,Collective_action,Directed
General_systems_theory,Self-organized_criticality,Directed
General_systems_theory,Herd_mentality,Directed
General_systems_theory,Phase_transition,Directed
General_systems_theory,Agent-based_model,Directed
General_systems_theory,Synchronization,Directed
General_systems_theory,Ant_colony_optimization_algorithms,Directed
General_systems_theory,Particle_swarm_optimization,Directed
General_systems_theory,Swarm_behaviour,Directed
General_systems_theory,Social_network_analysis,Directed
General_systems_theory,Small-world_network,Directed
General_systems_theory,Centrality,Directed
General_systems_theory,Network_motif,Directed
General_systems_theory,Graph_theory,Directed
General_systems_theory,Scalability,Directed
General_systems_theory,Systems_biology,Directed
General_systems_theory,Dynamic_network_analysis,Directed
General_systems_theory,Evolutionary_computation,Directed
General_systems_theory,Genetic_algorithm,Directed
Ciphertext,Cryptography,Directed
Ciphertext,Encryption,Directed
Ciphertext,Plaintext,Directed
Ciphertext,Cipher,Directed
Ciphertext,Algorithm,Directed
Ultra-wideband,Personal_area_network,Directed
Smart_thermostat,Wi-Fi,Directed
Utility_pole,Electric_power_transmission,Directed
Utility_pole,Electric_power_distribution,Directed
Utility_pole,Electrical_substation,Directed
Utility_pole,Volt,Directed
Smart_keychain,Access_control,Directed
Smart_keychain,Software,Directed
Systems_biology,Complex_network,Directed
Thermodynamics,Energy,Directed
Thermodynamics,Steam_engine,Directed
Thermodynamics,Nicolas_L%C3%A9onard_Sadi_Carnot,Directed
Hacktivist,Human_rights,Directed
Phablet,Smartphone,Directed
Security_controls,Security,Directed
Security_controls,NIST,Directed
Norbert_Wiener,MIT,Directed
Norbert_Wiener,Control_system,Directed
Norbert_Wiener,Cybernetics,Directed
Small-world_network,Social_network_analysis,Directed
Evolutionary_computation,Algorithm,Directed
Nickel_silver,Brass,Directed
ANT_(network),Personal_area_network,Directed
Ransomware,Malware,Directed
Ransomware,Encryption,Directed
Ransomware,Symmetric-key_algorithm,Directed
Greek_language,Modern_Greek,Directed
Greek_language,Romanization_of_Greek,Directed
Greek_language,Ancient_Greek_language,Directed
Greek_language,Romanization_of_Ancient_Greek,Directed
Greek_language,Hellenic_languages,Directed
Greek_language,Egypt,Directed
Near-field_communication,Smartphone,Directed
Near-field_communication,Personal_area_network,Directed
Near-field_communication,Radio-frequency_identification,Directed
Near-field_communication,Wi-Fi,Directed
Computer_security,System,Directed
Computer_security,Threat_(security),Directed
Computer_security,Software,Directed
Computer_security,Service_(economics),Directed
Computer_security,Wireless_network_standards,Directed
Computer_security,Smart_device,Directed
Computer_security,Smartphone,Directed
Computer_security,Electric_power_distribution,Directed
Computer_security,Election_security,Directed
Computer_security,Finance,Directed
Computer_security,Passwords,Directed
Computer_security,Encryption,Directed
Computer_security,Physical_security,Directed
Computer_security,Lock_and_key,Directed
Computer_security,Security_convergence,Directed
Computer_security,Common_Vulnerabilities_and_Exposures,Directed
Computer_security,Cyberattack,Directed
Computer_security,Automated_threat,Directed
Computer_security,Small_and_medium-sized_enterprises,Directed
Computer_security,Man-in-the-middle_attack,Directed
Network_motif,Complex_network,Directed
Passive_attack,Ciphertext,Directed
Passive_attack,Plaintext,Directed
4G,3G,Directed
4G,2G,Directed
Futures_contract,Financial_instrument,Directed
Personal_area_network,Smartphone,Directed
Personal_area_network,Wireless_USB,Directed
Personal_area_network,Bluetooth,Directed
Personal_area_network,NearLink,Directed
Personal_area_network,Zigbee,Directed
Personal_area_network,Smartwatch,Directed
Synchronization,System,Directed
Synchronization,Time,Directed
Smart_speaker,Wi-Fi,Directed
Smart_speaker,Bluetooth,Directed
Subtransmission,Electrical_substation,Directed
Subtransmission,Electric_power_distribution,Directed
Complex_network,Hierarchy,Directed
5G,4G,Directed
Conflict_of_interest,Government,Directed
Common_Vulnerabilities_and_Exposures,Vulnerability_(computing),Directed
Common_Vulnerabilities_and_Exposures,The_MITRE_Corporation,Directed
Common_Vulnerabilities_and_Exposures,National_Cyber_Security_Division,Directed
Common_Vulnerabilities_and_Exposures,US_Department_of_Homeland_Security,Directed
Common_Vulnerabilities_and_Exposures,Security_Content_Automation_Protocol,Directed
Common_Vulnerabilities_and_Exposures,Red_Hat,Directed
Common_Vulnerabilities_and_Exposures,GitHub,Directed
Common_Vulnerabilities_and_Exposures,Commercial_software,Directed
Common_Vulnerabilities_and_Exposures,Security_vulnerability,Directed
Common_Vulnerabilities_and_Exposures,Conflict_of_interest,Directed
Barbed_wire,Steel,Directed
Barbed_wire,Fence,Directed
Global_Risks_Report,World_Economic_Forum,Directed
Global_Risks_Report,Cyberattack,Directed
Dictionary_attack,Cipher,Directed
Dictionary_attack,Passphrase,Directed
Dictionary_attack,Cryptographic_hash_function,Directed
Dictionary_attack,Salt_(cryptography),Directed
Electric_power_transmission,Electrical_substation,Directed
Electric_power_transmission,Electric_power_distribution,Directed
Accumulation_by_dispossession,Privatization,Directed
Password,User_(computing),Directed
Password,Memorized,Directed
Password,Character_(computing),Directed
Password,Passphrase,Directed
Password,Polybius,Directed
Password,Military_of_ancient_Rome,Directed
Password,Maniple_(military_unit),Directed
Password,Tribune,Directed
Password,Invasion_of_Normandy,Directed
Password,101st_Airborne_Division,Directed
Password,D-Day,Directed
Password,Compatible_Time-Sharing_System,Directed
Password,MIT,Directed
Password,Robert_Morris_(cryptographer),Directed
Password,Unix,Directed
Password,Crypt_(Unix),Directed
Password,Salt_(cryptography),Directed
Password,Dictionary_attack,Directed
Password,Access_control,Directed
Password,Operating_system,Directed
Lock_picking,Lock_(security_device),Directed
Lock_picking,MIT,Directed
Lock_picking,Warded_lock,Directed
Lock_picking,Keyhole,Directed
Lock_picking,Pin_tumbler_lock,Directed
Zero-day_(computing),Threat_actor,Directed
Zero-day_(computing),Software,Directed
Zero-day_(computing),Software_bug,Directed
Zero-day_(computing),Hardware_bug,Directed
Zero-day_(computing),Code_injection,Directed
Zero-day_(computing),Software_patch,Directed
Zero-day_(computing),Malware,Directed
Zero-day_(computing),Access_control,Directed
NearLink,Wireless,Directed
NearLink,Bluetooth,Directed
NearLink,Wi-Fi,Directed
Romanization_of_Ancient_Greek,Modern_Greek,Directed
Romanization_of_Ancient_Greek,Latin,Directed
Radiant_energy,Energy,Directed
Radiant_energy,Time,Directed
Red_Hat,Operating_system,Directed
Red_Hat,Business,Directed
Red_Hat,Unix,Directed
Active_defense,Encryption,Directed
Active_defense,Ransomware,Directed
Active_defense,IP_address,Directed
Active_defense,NIST,Directed
Transport_Layer_Security,Cryptography,Directed
Secure_channel,Cryptography,Directed
Secure_channel,Key_(cryptography),Directed
Secure_channel,Quantum_cryptography,Directed
Polybius,Ancient_Greek_language,Directed
Service_quality,Business_administration,Directed
Option_(finance),Finance,Directed
Option_(finance),Asset,Directed
Option_(finance),Financial_instrument,Directed
Wireless_local_area_network,Wi-Fi,Directed
Wireless_local_area_network,Smartphone,Directed
Lock_and_key,Mechanics,Directed
Lock_and_key,Keycard_lock,Directed
Lock_and_key,Fingerprint,Directed
Lock_and_key,Radio-frequency_identification,Directed
Lock_and_key,Security_token,Directed
Lock_and_key,Password,Directed
Lock_and_key,Bit_(key),Directed
Lock_and_key,Keyhole,Directed
Lock_and_key,Brass,Directed
Lock_and_key,Nickel_silver,Directed
Lock_and_key,Steel,Directed
Lock_and_key,Lock_picking,Directed
Lock_and_key,Nineveh,Directed
Lock_and_key,Assyria,Directed
Lock_and_key,Egypt,Directed
Lock_and_key,Pin_tumbler_lock,Directed
Lock_and_key,Warded_lock,Directed
Lock_and_key,Theodorus_of_Samos,Directed
Lock_and_key,Beguinage,Directed
Lock_and_key,"Lier,_Belgium",Directed
Pseudo-random,Algorithm,Directed
Key_(cryptography),Cryptography,Directed
Key_(cryptography),Algorithm,Directed
Key_(cryptography),Encryption,Directed
Key_(cryptography),Plaintext,Directed
Key_(cryptography),Ciphertext,Directed
Key_(cryptography),Salt_(cryptography),Directed
Chief_executive_officers,Company,Directed
Chief_executive_officers,Australia,Directed
Chief_executive_officers,Business_administration,Directed
Ludwig_von_Bertalanffy,Systems_theory,Directed
Ludwig_von_Bertalanffy,Cybernetics,Directed
Ludwig_von_Bertalanffy,Business_administration,Directed
Scalability,Collective_intelligence,Directed
Scalability,Collective_action,Directed
Scalability,Self-organized_criticality,Directed
Scalability,Herd_mentality,Directed
Scalability,Phase_transition,Directed
Scalability,Agent-based_model,Directed
Scalability,Synchronization,Directed
Scalability,Ant_colony_optimization_algorithms,Directed
Scalability,Particle_swarm_optimization,Directed
Scalability,Swarm_behaviour,Directed
Scalability,Social_network_analysis,Directed
Scalability,Small-world_network,Directed
Scalability,Centrality,Directed
Scalability,Network_motif,Directed
Scalability,Graph_theory,Directed
Scalability,Systems_biology,Directed
Scalability,Dynamic_network_analysis,Directed
Scalability,Evolutionary_computation,Directed
Scalability,Genetic_algorithm,Directed
Cryptography_law,Cryptography,Directed
Cryptography_law,France,Directed
Cryptography_law,Tunisia,Directed
Office_building,Business_administration,Directed
Office_building,Bank,Directed
Overdetermination,Louis_Althusser,Directed
Hardware_bug,Software_bug,Directed
Hardware_bug,Software,Directed
Public_utility,Public_service,Directed
Public_utility,Communications_system,Directed
Public_utility,Economies_of_scale,Directed
Public_utility,Company,Directed
Fourth_Industrial_Revolution,Klaus_Schwab,Directed
Fourth_Industrial_Revolution,World_Economic_Forum,Directed
Fourth_Industrial_Revolution,Capitalism,Directed
Fourth_Industrial_Revolution,Cyber-physical_system,Directed
Fourth_Industrial_Revolution,5G,Directed
Cyber-physical_system,Cybernetics,Directed
Competition_(economics),Capitalism,Directed
Cyberwarfare,Cyberattack,Directed
Cyberwarfare,Hacktivist,Directed
Electric_motor,Machine,Directed
Cybersecurity_and_Infrastructure_Security_Agency,5G,Directed
Cybersecurity_and_Infrastructure_Security_Agency,Election_security,Directed
Jefferson_disk,Cipher,Directed
Jefferson_disk,Thomas_Jefferson,Directed
Jefferson_disk,Key_(cryptography),Directed
Dynamic_network_analysis,Social_network_analysis,Directed
Dynamic_network_analysis,Time,Directed
Dynamic_network_analysis,Graph_theory,Directed
Alice_and_Bob#Mallory,Cryptography,Directed
Alice_and_Bob#Mallory,Quantum_cryptography,Directed
Ant_colony_optimization_algorithms,Algorithm,Directed
Ant_colony_optimization_algorithms,Ant_colony,Directed
Quantum_cryptography,Encryption,Directed
Quantum_cryptography,No-cloning_theorem,Directed
Utilization_voltage,Volt,Directed
Lone_wolf_(terrorism),Terrorist,Directed
Lone_wolf_(terrorism),United_Nations,Directed
Smart_doorbell,Smart_lock,Directed
Keycard_lock,Lock_(security_device),Directed
Keycard_lock,Smart_card,Directed
Keycard_lock,Radio-frequency_identification,Directed
Keycard_lock,Near-field_communication,Directed
Keycard_lock,Lock_and_key,Directed
Election_security,Election,Directed
Election_security,Cyberattack,Directed
Election_security,Voting_machines,Directed
Election_security,Voter_registration,Directed
Election_security,Jurisdiction,Directed
Election_security,Nation_state,Directed
Election_security,Lone_wolf_(terrorism),Directed
Election_security,DEF_CON,Directed
Election_security,Rick_Astley,Directed
Election_security,Never_Gonna_Give_You_Up,Directed
Election_security,Harri_Hursti,Directed
Election_security,Georgia_(U.S._state),Directed
Election_security,Ukraine,Directed
Election_security,Bulgaria,Directed
Election_security,Estonia,Directed
Election_security,Germany,Directed
Election_security,France,Directed
Election_security,Austria,Directed
Election_security,U.S._Department_of_Homeland_Security,Directed
Election_security,Jeh_Johnson,Directed
Wireless_network_standards,Wireless,Directed
Wireless_network_standards,Personal_area_network,Directed
Wireless_network_standards,ANT_(network),Directed
Wireless_network_standards,Ultra-wideband,Directed
Wireless_network_standards,Bluetooth,Directed
Wireless_network_standards,Zigbee,Directed
Wireless_network_standards,Wireless_USB,Directed
Wireless_network_standards,Wireless_Sensor_Networks,Directed
Wireless_network_standards,6LoWPAN,Directed
Wireless_network_standards,Wi-Fi,Directed
Wireless_network_standards,Cellular_networks,Directed
Wireless_network_standards,Wireless_local_area_network,Directed
Wireless_network_standards,DECT,Directed
Wireless_network_standards,HIPERLAN,Directed
Wireless_network_standards,Wide_area_network,Directed
Wireless_network_standards,Base_station,Directed
Wireless_network_standards,2G,Directed
Wireless_network_standards,3G,Directed
Wireless_network_standards,4G,Directed
Wireless_network_standards,GSM,Directed
Wide_area_network,Wi-Fi,Directed
Asset,Resource,Directed
Asset,Business,Directed
Bit_(key),Pin_tumbler_lock,Directed
Bit_(key),Warded_lock,Directed
Robert_Morris_(cryptographer),Unix,Directed
Robert_Morris_(cryptographer),Crypt_(Unix),Directed
Electric_power_distribution,Power_delivery,Directed
Electric_power_distribution,Electric_power_transmission,Directed
Electric_power_distribution,Electrical_substation,Directed
Electric_power_distribution,Volt,Directed
Electric_power_distribution,Utilization_voltage,Directed
Electric_power_distribution,Service_drop,Directed
Electric_power_distribution,Subtransmission,Directed
Electric_power_distribution,Common_utility_duct,Directed
Electric_power_distribution,Utility_pole,Directed
Electric_power_distribution,Power_stations,Directed
Electric_power_distribution,Arc_lamp,Directed
Electric_power_distribution,Incandescent_lamp,Directed
Electric_power_distribution,Gas_lighting,Directed
Electric_power_distribution,Pearl_Street_Station,Directed
Electric_power_distribution,Economies_of_scale,Directed
Electric_power_distribution,War_of_currents,Directed
Electric_power_distribution,Thomas_Edison,Directed
Electric_power_distribution,George_Westinghouse,Directed
Electric_power_distribution,Electric_motor,Directed
Electric_power_distribution,Electric_power_industry,Directed
Voter_registration,Jurisdiction,Directed
Voter_registration,Australia,Directed
Swap_(finance),Finance,Directed
Swap_(finance),Futures_contract,Directed
Swap_(finance),Option_(finance),Directed
Swap_(finance),World_Bank,Directed
Loan,Finance,Directed
Loan,Money,Directed
Loan,Asset,Directed
Loan,Bank,Directed
Loan,Bond_(finance),Directed
World_Bank,Germany,Directed
World_Bank,France,Directed
Bond_(finance),Finance,Directed
Bond_(finance),Loan,Directed
Frequency_analysis,Ciphertext,Directed
Frequency_analysis,Plaintext,Directed
Frequency_analysis,Alice_and_Bob,Directed
Frequency_analysis,Al-Kindi,Directed
Commercial_software,Software,Directed
Election,Business,Directed
Network_eavesdropping,Man-in-the-middle_attack,Directed
Accident,Risk_management,Directed
Security_vulnerability,Software_bug,Directed
Security_vulnerability,Confidentiality,Directed
Security_vulnerability,Availability,Directed
Security_vulnerability,Common_Vulnerabilities_and_Exposures,Directed
Security_vulnerability,Code_injection,Directed
Security_vulnerability,Malware,Directed
Security_vulnerability,Physical_security,Directed
HTTP_Public_Key_Pinning,Certificate_authority,Directed
HTTP_Public_Key_Pinning,Public-key_cryptography,Directed
HTTP_Public_Key_Pinning,Cryptographic_hash_function,Directed
Open_system_(systems_theory),Isolated_system,Directed
Open_system_(systems_theory),Organismic_theory,Directed
Open_system_(systems_theory),Thermodynamics,Directed
Open_system_(systems_theory),Theory_of_Evolution,Directed
Open_system_(systems_theory),Systems_theory,Directed
Open_system_(systems_theory),Energy,Directed
Open_system_(systems_theory),Mass,Directed
Open_system_(systems_theory),Closed_system,Directed
Open_system_(systems_theory),Radiant_energy,Directed
Open_system_(systems_theory),Solar_radiation,Directed
Open_system_(systems_theory),Kostas_Axelos,Directed
Open_system_(systems_theory),World-systems_theory,Directed
Open_system_(systems_theory),Praxis_intervention,Directed
Open_system_(systems_theory),Louis_Althusser,Directed
Open_system_(systems_theory),Overdetermination,Directed
Open_system_(systems_theory),David_Harvey_(geographer),Directed
Open_system_(systems_theory),Capitalism,Directed
Open_system_(systems_theory),Foreign_direct_investment,Directed
Open_system_(systems_theory),Privatization,Directed
Open_system_(systems_theory),Accumulation_by_dispossession,Directed
Business_administration,Business,Directed
Business_administration,Finance,Directed
Mutual_authentication,Transport_Layer_Security,Directed
Mutual_authentication,Password,Directed
Mutual_authentication,Alice_and_Bob,Directed
Security_lighting,Physical_security,Directed
National_Cyber_Security_Division,Cybersecurity_and_Infrastructure_Security_Agency,Directed
CCTV,Wireless,Directed
GSM,2G,Directed
GSM,3G,Directed
GSM,4G,Directed
GSM,5G,Directed
George_Westinghouse,Thomas_Edison,Directed
Isolated_system,Closed_system,Directed
Isolated_system,Thermodynamics,Directed
ZRTP,Key-agreement_protocol,Directed
ZRTP,Key_(cryptography),Directed
ZRTP,Encryption,Directed
ZRTP,Public_key_infrastructure,Directed
ZRTP,Man-in-the-middle_attack,Directed
Stock,Share_(finance),Directed
Stock,Business,Directed
Software_patch,Software_bug,Directed
Software_patch,Security_vulnerability,Directed
Man-in-the-middle_attack,Cryptography,Directed
Man-in-the-middle_attack,Cyberattack,Directed
Man-in-the-middle_attack,Network_eavesdropping,Directed
Man-in-the-middle_attack,Wireless_access_point,Directed
Man-in-the-middle_attack,Transport_Layer_Security,Directed
Man-in-the-middle_attack,Alice_and_Bob,Directed
Man-in-the-middle_attack,Alice_and_Bob#Mallory,Directed
Man-in-the-middle_attack,Secure_channel,Directed
Man-in-the-middle_attack,Key-agreement_protocol,Directed
Man-in-the-middle_attack,Public_key_infrastructure,Directed
Man-in-the-middle_attack,Transmission_Control_Protocol,Directed
Man-in-the-middle_attack,Certificate_authority,Directed
Man-in-the-middle_attack,Mutual_authentication,Directed
Man-in-the-middle_attack,ZRTP,Directed
Man-in-the-middle_attack,HTTP_Public_Key_Pinning,Directed
Man-in-the-middle_attack,Domain_Name_System_Security_Extensions,Directed
Man-in-the-middle_attack,IP_address,Directed
Man-in-the-middle_attack,Cryptographic_hash_function,Directed
Man-in-the-middle_attack,Quantum_cryptography,Directed
Man-in-the-middle_attack,No-cloning_theorem,Directed
Symmetric-key_algorithm,Algorithm,Directed
Symmetric-key_algorithm,Cryptography,Directed
Symmetric-key_algorithm,Key_(cryptography),Directed
Symmetric-key_algorithm,Plaintext,Directed
Symmetric-key_algorithm,Ciphertext,Directed
Symmetric-key_algorithm,Public-key_cryptography,Directed
Symmetric-key_algorithm,NIST,Directed
Wireless_access_point,Bluetooth,Directed
Malware,Software,Directed
Malware,Ransomware,Directed
Currency,Money,Directed
Currency,Payment,Directed
Currency,Government,Directed
Self-organized_criticality,Collective_intelligence,Directed
Self-organized_criticality,Collective_action,Directed
Self-organized_criticality,Herd_mentality,Directed
Self-organized_criticality,Phase_transition,Directed
Self-organized_criticality,Agent-based_model,Directed
Self-organized_criticality,Synchronization,Directed
Self-organized_criticality,Ant_colony_optimization_algorithms,Directed
Self-organized_criticality,Particle_swarm_optimization,Directed
Self-organized_criticality,Swarm_behaviour,Directed
Self-organized_criticality,Social_network_analysis,Directed
Self-organized_criticality,Small-world_network,Directed
Self-organized_criticality,Centrality,Directed
Self-organized_criticality,Network_motif,Directed
Self-organized_criticality,Graph_theory,Directed
Self-organized_criticality,Scalability,Directed
Self-organized_criticality,Systems_biology,Directed
Self-organized_criticality,Dynamic_network_analysis,Directed
Self-organized_criticality,Evolutionary_computation,Directed
Self-organized_criticality,Genetic_algorithm,Directed
Encryption,Cryptography_law,Directed
Encryption,Code,Directed
Encryption,Idealism,Directed
Encryption,Plaintext,Directed
Encryption,Ciphertext,Directed
Encryption,Pseudo-random,Directed
Encryption,Key_(cryptography),Directed
Encryption,Algorithm,Directed
Encryption,Public-key_cryptography,Directed
Encryption,Symmetric-key_algorithm,Directed
Encryption,Khnumhotep_II,Directed
Encryption,Caesar_cipher,Directed
Encryption,Al-Kindi,Directed
Encryption,Frequency_analysis,Directed
Encryption,Cipher,Directed
Encryption,Polyalphabetic_cipher,Directed
Encryption,Al-Qalqashandi,Directed
Encryption,Leon_Battista_Alberti,Directed
Encryption,Thomas_Jefferson,Directed
Encryption,Jefferson_disk,Directed
Corporate_finance,Finance,Directed
CIA_triad,Risk_management,Directed
CIA_triad,Password,Directed
CIA_triad,Business_continuity_planning,Directed
Public_finance,Government,Directed
Public_finance,Economies_of_scale,Directed
Public-key_cryptography,Algorithm,Directed
Public-key_cryptography,Transport_Layer_Security,Directed
Public-key_cryptography,Secure_channel,Directed
Cryptographic_hash_function,Cryptography,Directed
World_Bank_Group,Germany,Directed
World_Bank_Group,France,Directed
6LoWPAN,Wireless,Directed
6LoWPAN,Zigbee,Directed
Rudolf_Clausius,Thermodynamics,Directed
Rudolf_Clausius,Nicolas_L%C3%A9onard_Sadi_Carnot,Directed
Emergency_management,ASIS_International,Directed
Emergency_management,Earthquake,Directed
Emergency_management,Natural_disaster,Directed
Theodorus_of_Samos,Greek_language,Directed
Theodorus_of_Samos,Lock_and_key,Directed
Vulnerability_(computing),Software_bug,Directed
Vulnerability_(computing),Confidentiality,Directed
Vulnerability_(computing),Availability,Directed
Vulnerability_(computing),Common_Vulnerabilities_and_Exposures,Directed
Vulnerability_(computing),Code_injection,Directed
Vulnerability_(computing),Malware,Directed
Vulnerability_(computing),Physical_security,Directed
Security_convergence,Physical_security,Directed
Security_convergence,Risk_management,Directed
Security_convergence,Business_continuity_planning,Directed
Security_convergence,Emergency_management,Directed
Security_convergence,Cybersecurity_and_Infrastructure_Security_Agency,Directed
Security_convergence,Fourth_Industrial_Revolution,Directed
Security_convergence,World_Economic_Forum,Directed
Security_convergence,Klaus_Schwab,Directed
Security_convergence,Cyber-physical_system,Directed
Security_convergence,Gartner,Directed
Security_convergence,ASIS_International,Directed
Security_convergence,ISSA_(professional_organization),Directed
Security_convergence,Global_Risks_Report,Directed
Security_convergence,Stuxnet,Directed
Security_convergence,Natanz,Directed
Security_convergence,December_2015_Ukraine_power_grid_cyberattack,Directed
Security_convergence,Physical_infrastructure,Directed
Security_convergence,PricewaterhouseCoopers,Directed
Security_convergence,Jay_Wright_Forrester,Directed
Security_convergence,Systems_thinking,Directed
Small_and_medium-sized_enterprises,Business,Directed
Small_and_medium-sized_enterprises,Personnel,Directed
Small_and_medium-sized_enterprises,World_Bank,Directed
Small_and_medium-sized_enterprises,OECD,Directed
Small_and_medium-sized_enterprises,United_Nations,Directed
Small_and_medium-sized_enterprises,World_Trade_Organization,Directed
Small_and_medium-sized_enterprises,Australia,Directed
Small_and_medium-sized_enterprises,GDP,Directed
Small_and_medium-sized_enterprises,Chile,Directed
Small_and_medium-sized_enterprises,Tunisia,Directed
Small_and_medium-sized_enterprises,Innovation,Directed
Small_and_medium-sized_enterprises,Competition_(economics),Directed
Small_and_medium-sized_enterprises,Economic_sector,Directed
Small_and_medium-sized_enterprises,World_Bank_Group,Directed
Small_and_medium-sized_enterprises,Chief_executive_officers,Directed
Small_and_medium-sized_enterprises,Knowledge-based_economy,Directed
Small_and_medium-sized_enterprises,Africa,Directed
Small_and_medium-sized_enterprises,African_countries,Directed
Small_and_medium-sized_enterprises,Banking_in_Africa,Directed
Small_and_medium-sized_enterprises,Non-performing_loan,Directed
Common_utility_duct,Utility_pole,Directed
Common_utility_duct,Earthquake,Directed
Li-Fi,Wireless,Directed
Li-Fi,Wi-Fi,Directed
Service_(economics),Consumer,Directed
Service_(economics),Company,Directed
Service_(economics),Government,Directed
Service_(economics),Payment,Directed
Service_(economics),Public_service,Directed
Service_(economics),Resource,Directed
Service_(economics),Intangible_good,Directed
Service_(economics),Intangible_goods,Directed
Service_(economics),Durable_goods,Directed
Service_(economics),Terminology,Directed
Service_(economics),Heterogeneity_in_economics,Directed
Service_(economics),Service_quality,Directed
Service_(economics),Public_utility,Directed
Service_(economics),Season,Directed
Service_(economics),Time,Directed
Service_(economics),Business_cycle,Directed
Service_(economics),MECE_principle,Directed
Service_(economics),List_of_business_theorists,Directed
Service_(economics),Dramaturgy,Directed
Service_(economics),Stage_(theatre),Directed
Threat_(security),Vulnerability_(computing),Directed
Threat_(security),Intention,Directed
Threat_(security),Accident,Directed
Threat_(security),Natural_disaster,Directed
Threat_(security),Earthquake,Directed
Threat_(security),Fire,Directed
Threat_(security),Tornado,Directed
Threat_(security),Threat_actor,Directed
Threat_(security),NIST,Directed
Threat_(security),The_Open_Group,Directed
Threat_(security),Confidentiality,Directed
Threat_(security),Integrity,Directed
Threat_(security),Availability,Directed
Threat_(security),CIA_triad,Directed
Threat_(security),Attack_(computing),Directed
Threat_(security),Passive_attack,Directed
Threat_(security),OWASP,Directed
Threat_(security),Security_controls,Directed
Threat_(security),Risk_management,Directed
Threat_(security),Risk_factor_(computing),Directed
Public_service,Service_(economics),Directed
Public_service,Election,Directed
Public_service,Public_finance,Directed
Public_service,Economic_sector,Directed
Crime_prevention_through_environmental_design,Security,Directed
Non-performing_loan,Loan,Directed
DECT,Australia,Directed
Passphrase,Password,Directed
Passphrase,Cryptography,Directed
Passphrase,Encryption,Directed
Passphrase,NIST,Directed
Passphrase,Dictionary_attack,Directed
Passphrase,Key_(cryptography),Directed
Passphrase,Salt_(cryptography),Directed
ISSA_(professional_organization),Security_controls,Directed
GDP,Money,Directed
GDP,OECD,Directed
Alice_and_Bob,Cryptography,Directed
Alice_and_Bob,Quantum_cryptography,Directed
Finance,Academic_discipline,Directed
Finance,Money,Directed
Finance,Currency,Directed
Finance,Asset,Directed
Finance,Liability_(financial_accounting),Directed
Finance,Business_administration,Directed
Finance,Financial_system,Directed
Finance,Personal_finance,Directed
Finance,Corporate_finance,Directed
Finance,Public_finance,Directed
Finance,Financial_instrument,Directed
Finance,Loan,Directed
Finance,Bond_(finance),Directed
Finance,Share_(finance),Directed
Finance,Stock,Directed
Finance,Option_(finance),Directed
Finance,Futures_contract,Directed
Finance,Swap_(finance),Directed
Finance,Bank,Directed
Finance,Investment,Directed
Smart_glasses,Wi-Fi,Directed
Smart_glasses,Bluetooth,Directed
Smart_glasses,Smartphone,Directed
3G,2G,Directed
3G,GSM,Directed
3G,Smartphone,Directed
System,Open_system_(systems_theory),Directed
System,Structure,Directed
System,Systems_theory,Directed
System,Latin,Directed
System,Greek_language,Directed
System,Nicolas_L%C3%A9onard_Sadi_Carnot,Directed
System,Thermodynamics,Directed
System,Steam_engine,Directed
System,Rudolf_Clausius,Directed
System,Environment_(systems),Directed
System,Ludwig_von_Bertalanffy,Directed
System,General_systems_theory,Directed
System,Norbert_Wiener,Directed
System,Ross_Ashby,Directed
System,Control_system,Directed
System,Communications_system,Directed
System,Cybernetics,Directed
System,Marshall_McLuhan,Directed
System,Theory,Directed
System,Media_theory,Directed
Cybernetics,Collective_intelligence,Directed
Cybernetics,Collective_action,Directed
Cybernetics,Self-organized_criticality,Directed
Cybernetics,Herd_mentality,Directed
Cybernetics,Phase_transition,Directed
Cybernetics,Agent-based_model,Directed
Cybernetics,Synchronization,Directed
Cybernetics,Ant_colony_optimization_algorithms,Directed
Cybernetics,Particle_swarm_optimization,Directed
Cybernetics,Swarm_behaviour,Directed
Cybernetics,Social_network_analysis,Directed
Cybernetics,Small-world_network,Directed
Cybernetics,Centrality,Directed
Cybernetics,Network_motif,Directed
Cybernetics,Graph_theory,Directed
Cybernetics,Scalability,Directed
Cybernetics,Systems_biology,Directed
Cybernetics,Dynamic_network_analysis,Directed
Cybernetics,Evolutionary_computation,Directed
Cybernetics,Genetic_algorithm,Directed
Risk_assessment,Risk_management,Directed
Risk_assessment,Systems_theory,Directed
Public_key_infrastructure,Public-key_cryptography,Directed
Public_key_infrastructure,Cryptography,Directed
Public_key_infrastructure,Certificate_authority,Directed
Public_key_infrastructure,Transport_Layer_Security,Directed
Public_key_infrastructure,Availability,Directed
Wireless_USB,Wireless,Directed
Wireless_USB,Wi-Fi,Directed
Business_continuity_planning,Risk_management,Directed
Financial_system,Money,Directed
Financial_system,Finance,Directed
Financial_system,Service_(economics),Directed
Financial_system,Bank,Directed
Financial_system,Investment,Directed
Electric_power_industry,Electric_power_transmission,Directed
Electric_power_industry,Electric_power_distribution,Directed
Electric_power_industry,Thomas_Edison,Directed
Personal_finance,Loan,Directed
Personal_finance,Bond_(finance),Directed
Passwords,User_(computing),Directed
Passwords,Memorized,Directed
Passwords,Character_(computing),Directed
Passwords,Passphrase,Directed
Passwords,Polybius,Directed
Passwords,Military_of_ancient_Rome,Directed
Passwords,Maniple_(military_unit),Directed
Passwords,Tribune,Directed
Passwords,Invasion_of_Normandy,Directed
Passwords,101st_Airborne_Division,Directed
Passwords,D-Day,Directed
Passwords,Compatible_Time-Sharing_System,Directed
Passwords,MIT,Directed
Passwords,Robert_Morris_(cryptographer),Directed
Passwords,Unix,Directed
Passwords,Crypt_(Unix),Directed
Passwords,Salt_(cryptography),Directed
Passwords,Dictionary_attack,Directed
Passwords,Access_control,Directed
Passwords,Operating_system,Directed
Cyberattack,CIA_triad,Directed
Cyberattack,Software_bug,Directed
Cyberattack,Hacktivist,Directed
Cyberattack,Malware,Directed
Cyberattack,Identity_theft,Directed
Cyberattack,Cyberwarfare,Directed
Cyberattack,Ransomware,Directed
Cyberattack,Software_bugs,Directed
Cyberattack,Hardware_bug,Directed
Cyberattack,Vulnerability_(computing),Directed
Cyberattack,Software_patch,Directed
Cyberattack,Zero-day_(computing),Directed
Cyberattack,Code_injection,Directed
Cyberattack,Hardening_(computing),Directed
Cyberattack,Risk_assessment,Directed
Cyberattack,Active_defense,Directed
Cyberattack,Cyber_resilience,Directed
Cyberattack,Micro-segmentation,Directed
Cyberattack,Zero_trust,Directed
Cyberattack,Business_continuity_planning,Directed
Hardening_(computing),User_(computing),Directed
Environment_(systems),Isolated_system,Directed
Environment_(systems),Organismic_theory,Directed
Environment_(systems),Thermodynamics,Directed
Environment_(systems),Theory_of_Evolution,Directed
Environment_(systems),Systems_theory,Directed
Environment_(systems),Energy,Directed
Environment_(systems),Mass,Directed
Environment_(systems),Closed_system,Directed
Environment_(systems),Radiant_energy,Directed
Environment_(systems),Solar_radiation,Directed
Environment_(systems),Kostas_Axelos,Directed
Environment_(systems),World-systems_theory,Directed
Environment_(systems),Praxis_intervention,Directed
Environment_(systems),Louis_Althusser,Directed
Environment_(systems),Overdetermination,Directed
Environment_(systems),David_Harvey_(geographer),Directed
Environment_(systems),Capitalism,Directed
Environment_(systems),Foreign_direct_investment,Directed
Environment_(systems),Privatization,Directed
Environment_(systems),Accumulation_by_dispossession,Directed
Espionage,Confidentiality,Directed
Espionage,Business,Directed
Automated_threat,Web_application,Directed
Innovation,Service_(economics),Directed
Innovation,Government,Directed
Fence,Bridge,Directed
Kostas_Axelos,Greek_language,Directed
Compatible_Time-Sharing_System,Operating_system,Directed
Plaintext,Cryptography,Directed
Plaintext,Encryption,Directed
Plaintext,Ciphertext,Directed
Plaintext,Cipher,Directed
Plaintext,Code,Directed
Plaintext,Physical_security,Directed
Plaintext,Operating_system,Directed
Risk_management,Threat_(security),Directed
Risk_management,Natural_disaster,Directed
Risk_management,Security,Directed
Physical_infrastructure,Bridge,Directed
Electrical_substation,Electric_power_transmission,Directed
Electrical_substation,Electric_power_distribution,Directed
Social_network_analysis,Graph_theory,Directed
Bank,Loan,Directed
Bank,Asset,Directed
Unix,Operating_system,Directed
Romanization_of_Greek,Modern_Greek,Directed
Romanization_of_Greek,Latin,Directed
Certificate_authority,Cryptography,Directed
Certificate_authority,Transport_Layer_Security,Directed
Certificate_authority,Man-in-the-middle_attack,Directed
Certificate_authority,Public_key_infrastructure,Directed
Certificate_authority,Key_(cryptography),Directed
Business_cycle,GDP,Directed
Financial_instrument,Currency,Directed
Financial_instrument,Bond_(finance),Directed
Financial_instrument,Loan,Directed
Financial_instrument,Share_(finance),Directed
Financial_instrument,Option_(finance),Directed
Financial_instrument,Futures_contract,Directed
Financial_instrument,Liability_(financial_accounting),Directed
Modern_Greek,Greek_language,Directed
Security,Business_continuity_planning,Directed
Security,Physical_security,Directed
Jurisdiction,Latin,Directed
Jurisdiction,Nation_state,Directed
Protective_barriers,Fence,Directed
Cipher,Cryptography,Directed
Cipher,Algorithm,Directed
Cipher,Encryption,Directed
Cipher,Plaintext,Directed
Cipher,Ciphertext,Directed
Cipher,Key_(cryptography),Directed
Solar_radiation,Solar_radiation,Directed
Zero_trust,Mutual_authentication,Directed
Threat_actor,System,Directed
Threat_actor,Nation_state,Directed
Threat_actor,Money,Directed
Threat_actor,Finance,Directed
Leon_Battista_Alberti,Cryptography,Directed
Company,Jurisdiction,Directed
Company,Bank,Directed
Company,Share_(finance),Directed
Crypt_(Unix),Unix,Directed
Crypt_(Unix),Algorithm,Directed
Crypt_(Unix),Cryptography,Directed
Crypt_(Unix),Caesar_cipher,Directed
Crypt_(Unix),Robert_Morris_(cryptographer),Directed
Crypt_(Unix),Symmetric-key_algorithm,Directed
Polyalphabetic_cipher,Al-Qalqashandi,Directed
Polyalphabetic_cipher,Leon_Battista_Alberti,Directed
Polyalphabetic_cipher,Latin,Directed
Polyalphabetic_cipher,Frequency_analysis,Directed
Volt,Energy,Directed
